{"cameraMode":{"drawMode":0,"name":"Shaded","section":"Shading Mode"},"sceneLighting":true,"audioPlay":false,"sceneViewState":{"m_AlwaysRefresh":false,"showFog":true,"showSkybox":true,"showFlares":true,"showImageEffects":true,"showParticleSystems":true,"showVisualEffectGraphs":true,"m_FxEnabled":true},"in2DMode":false,"pivot":{"x":-10.742427825927735,"y":6.772063255310059,"z":45.999568939208987},"rotation":{"x":-0.07934731990098953,"y":0.10853493213653565,"z":-0.00863759033381939,"w":-0.9909264445304871},"size":28.334211349487306,"orthographic":false}